{ 
"Magnitude_bins": {
"number_bins" : 14, 
"Magnitude": [9.0869, 9.1419, 9.1917, 9.2367, 9.2775, 9.3144, 9.3478, 9.3780,
              9.4053, 9.4300, 9.4524 , 9.4727, 9.4910,9.5075]
},

"Scaling_law": { "number": 2,
"name" : ["Murotani", "Strasser"],
"Area": [190821.652332, 216599.421064, 242912.948895, 269467.271820, 295988.070765, 322227.909627, 347970.146757,
                        373030.811347, 397258.801467, 420534.777527, 442769.107969, 463899.185525, 483886.382939,
                        502712.864145,
        149515.800404, 168684.549953, 188138.899594, 207668.823018, 227081.948096, 246207.278628, 264897.302774,
                        283028.731104, 300502.136404, 317240.766352, 333188.778857, 348309.116803, 362581.200720,
                        375998.579401],
"Length": [779.437238, 841.965315, 902.855745, 961.738672, 1018.321476, 1072.383865, 1123.771413, 1172.388192,
                       1218.189043, 1261.171877, 1301.370308, 1338.846812, 1373.686535, 1405.991806,
          689.939277, 743.024627, 794.570309, 844.286253, 891.947114, 937.387457, 980.495839, 1021.208322, 1059.501819,
                       1095.387585, 1128.905063, 1160.116236, 1189.100557, 1215.950490]
 
}
}