{ 
"Magnitude_bins": {
"number_bins" : 21, 
"Magnitude": [5.5,5.6,5.7,5.8,5.9,6.0,6.1,6.2,6.3,6.4,6.5,6.6,6.7,6.8,6.9,7.0,7.1,7.2,7.3,7.4,7.5]
},

"Scaling_law": { "number": 1,
"name" : ["Leonard"],
"Area":  [31.939883912380839,	40.209931507051913,	50.621304580730651,	63.728446714854243,	80.229361023500616,	101.0027813644933,	127.1549681216504,	160.0786206042241,	201.5270433636141,	253.7075160541997,	319.3988391238071,	402.0993150705191,	506.2130458073075,	637.2844671485411,	802.2936102350095,	1010.027813644938,	1271.549681216509,	1600.786206042235,	2015.270433636133,	2537.075160542007,	3193.988391238097],
"Length": [5.709525277152804,	6.555412123990986,	7.526620170564825,	8.641716206465489,	9.922017758401655,	11.392000621865245,	13.079766770089270,	15.017581585412660,	17.242490683416388,	19.797028121790810,	22.730029532909686,	26.097565724941440,	29.964014599344466,	34.403291876822713,	39.500264159788493,	45.352371345144640,	52.071489403399120,	59.786069135249200,	68.643591792699169,	78.813388509341806,	90.489877439441557]
}
}
